Adversarial Method,Saliency Method,Best Distance Metric,Best F1 Score,Best Threshold
FGSM,gradcam,cosine,0.7092499337397297,-0.9844099879264832
FGSM,gradcam++,cosine,0.703318474492323,-0.9905099868774414
FGSM,eigen,cosine,0.6668728097299526,-0.9992475509643555
FGSM,layer,cosine,0.6738887647978558,-0.9966415166854858
PGD,gradcam,cosine,0.7388673765730881,-0.983751654624939
PGD,gradcam++,cosine,0.7458714506356184,-0.9875549077987671
PGD,eigen,cosine,0.7264255058246475,-0.9608626365661621
PGD,layer,cosine,0.7538243990230107,-0.9918185472488403
